Cidade;Sexo;Idade;Estado Civil;Filhos;Escolaridade;Tempo de atuação;Vínculo de trabalho;Carga horária semanal;Turnos de trabalho semanal;Número de alunos por turma;Pluriemprego;Possui Sintomas Osteomusculares?
Lebon Regis;Feminino;Entre 31 e 40 anos;Com companheiro;Sim;Especialização;Até 10 anos;ACT;Até 20 horas;2 turnos;Até 30 alunos;Sim;Sim
Lebon Regis;Feminino;Entre 31 e 40 anos;Com companheiro;Sim;Graduação;Até 10 anos;ACT;Até 20 horas;1 turno;Até 30 alunos;Sim;Sim
Lebon Regis;Feminino;Acima de 40 anos;Com companheiro;Sim;Graduação;Até 10 anos;ACT;Até 20 horas;2 turnos;Até 30 alunos;Sim;Sim
Lebon Regis;Masculino;Acima de 40 anos;Com companheiro;Sim;Especialização;Acima de 10 anos;ACT;De 21 a 40 horas;2 turnos;Até 30 alunos;Sim;Não
Lebon Regis;Feminino;Até 30 anos;Com companheiro;Não;Especialização;Até 10 anos;ACT;De 21 a 40 horas;2 turnos;Até 30 alunos;Não;Sim
Lebon Regis;Feminino;Acima de 40 anos;Sem companheiro;Sim;Especialização;Acima de 10 anos;Efetivo;De 21 a 40 horas;3 turnos;Até 30 alunos;Sim;Sim
Lebon Regis;Feminino;Acima de 40 anos;Com companheiro;Sim;Especialização;Acima de 10 anos;Efetivo;De 21 a 40 horas;2 turnos;Até 30 alunos;Sim;Sim
Lebon Regis;Feminino;Entre 31 a 40 anos;Com companheiro;Sim;Especialização;Acima de 10 anos;Efetivo;Acima de 40 horas;3 turnos;Até 30 alunos;Sim;Não
Lebon Regis;Masculino;Até 30 anos;Com companheiro;Não;Especialização;Até 10 anos;ACT;Acima de 40 horas;3 turnos;Até 30 alunos;Não;Sim
Lebon Regis;Feminino;Acima de 40 anos;Com companheiro;Sim;Especialização;Acima de 10 anos;Efetivo;De 21 a 40 horas;2 turnos;Até 30 alunos;Não;Sim
Lebon Regis;Feminino;Acima de 40 anos;Sem companheiro;Sim;Especialização;Acima de 10 anos;Efetivo;De 21 a 40 horas;2 turnos;Até 30 alunos;Não;Não
Lebon Regis;Feminino;Acima de 40 anos;Sem companheiro;Sim;Graduação;Acima de 10 anos;Efetivo;De 21 a 40 horas;3 turnos;Até 30 alunos;Sim;Sim
Lebon Regis;Feminino;Acima de 40 anos;Sem companheiro;Sim;Graduação;Acima de 10 anos;Efetivo;De 21 a 40 horas;3 turnos;Até 30 alunos;Sim;Sim
Lebon Regis;Feminino;Acima de 40 anos;Sem companheiro;Sim;Mestrado/Doutorado;Acima de 10 anos;Efetivo;Acima de 40 horas;3 turnos;Até 30 alunos;Sim;Sim
Lebon Regis;Feminino;Acima de 40 anos;Sem companheiro;Sim;Graduação;Acima de 10 anos;ACT;Acima de 40 horas;3 turnos;Acima de 30 alunos;Sim;Não
Lebon Regis;Feminino;Entre 31 a 40 anos;Com companheiro;Sim;Especialização;Até 10 anos;ACT;Acima de 40 horas;3 turnos;Até 30 alunos;Sim;Sim
Lebon Regis;Feminino;Até 30 anos;Sem companheiro;Sim;Especialização;Até 10 anos;ACT;De 21 a 40 horas;3 turnos;Até 30 alunos;Sim;Sim
Lebon Regis;Feminino;Entre 31 a 40 anos;Com companheiro;Sim;Especialização;Acima de 10 anos;Efetivo;De 21 a 40 horas;2 turnos;Até 30 alunos;Sim;Sim
Lebon Regis;Feminino;Acima de 40 anos;Com companheiro;Sim;Especialização;Acima de 10 anos;Efetivo;De 21 a 40 horas;2 turnos;Até 30 alunos;Não;Sim
Lebon Regis;Feminino;Acima de 40 anos;Sem companheiro;Sim;Especialização;Acima de 10 anos;ACT;De 21 a 40 horas;2 turnos;Até 30 alunos;Não;Sim
Lebon Regis;Feminino;Acima de 40 anos;Sem companheiro;Sim;Graduação;Até 10 anos;ACT;De 21 a 40 horas;2 turnos;Até 30 alunos;Sim;Sim
Lebon Regis;Feminino;Acima de 40 anos;Sem companheiro;Sim;Graduação;Acima de 10 anos;Efetivo;De 21 a 40 horas;3 turnos;Até 30 alunos;Sim;Sim
Lebon Regis;Feminino;Acima de 40 anos;Sem companheiro;Sim;Graduação;Acima de 10 anos;Efetivo;De 21 a 40 horas;3 turnos;Até 30 alunos;Sim;Sim
Lebon Regis;Feminino;Entre 31 a 40 anos;Com companheiro;Sim;Especialização;Acima de 10 anos;ACT;Acima de 40 horas;3 turnos;Até 30 alunos;Sim;Não
Lebon Regis;Feminino;Acima de 40 anos;Sem companheiro;Sim;Especialização;Acima de 10 anos;ACT;Até 20 horas;3 turnos;Até 30 alunos;Não;Sim
Lebon Regis;Feminino;Acima de 40 anos;Com companheiro;Sim;Graduação;Acima de 10 anos;ACT;Até 20 horas;1 turno;Até 30 alunos;Não;Não
Lebon Regis;Feminino;Acima de 40 anos;Com companheiro;Sim;Especialização;Até 10 anos;ACT;Até 20 horas;1 turno;Até 30 alunos;Não;Sim
Lebon Regis;Feminino;Até 30 anos;Sem companheiro;Não;Graduação;Até 10 anos;ACT;De 21 a 40 horas;2 turnos;Até 30 alunos;Sim;Sim
Lebon Regis;Masculino;Até 30 anos;Com companheiro;Sim;Mestrado/Doutorado;Até 10 anos;Efetivo;De 21 a 40 horas;3 turnos;Até 30 alunos;Sim;Sim
Lebon Regis;Masculino;Até 30 anos;Com companheiro;Sim;Especialização;Até 10 anos;Efetivo;De 21 a 40 horas;3 turnos;Até 30 alunos;Não;Sim
Lebon Regis;Feminino;Entre 31 a 40 anos;Com companheiro;Sim;Graduação;Até 10 anos;ACT;De 21 a 40 horas;2 turnos;Até 30 alunos;Sim;Sim
Lebon Regis;Masculino;Acima de 40 anos;Com companheiro;Sim;Especialização;Acima de 10 anos;Efetivo;De 21 a 40 horas;2 turnos;Acima de 30 alunos;Sim;Sim
Lebon Regis;Masculino;Entre 31 a 40 anos;Com companheiro;Sim;Graduação;Acima de 10 anos;Efetivo;De 21 a 40 horas;2 turnos;Acima de 30 alunos;Não;Sim
Lebon Regis;Feminino;Acima de 40 anos;Com companheiro;Sim;Especialização;Acima de 10 anos;Efetivo;De 21 a 40 horas;3 turnos;Até 30 alunos;Não;Não
Lebon Regis;Feminino;Entre 31 a 40 anos;Com companheiro;Sim;Especialização;Acima de 10 anos;ACT;Acima de 40 horas;3 turnos;Até 30 alunos;Sim;Sim
Lebon Regis;Feminino;Até 30 anos;Com companheiro;Sim;Especialização;Até 10 anos;Efetivo;De 21 a 40 horas;2 turnos;Até 30 alunos;Não;Sim
Lebon Regis;Masculino;Até 30 anos;Sem companheiro;Não;Especialização;Até 10 anos;Efetivo;De 21 a 40 horas;3 turnos;Até 30 alunos;Não;Sim
Lebon Regis;Feminino;Acima de 40 anos;Sem companheiro;Não;Especialização;Acima de 10 anos;Efetivo;De 21 a 40 horas;2 turnos;Até 30 alunos;Não;Sim
Lebon Regis;Feminino;Entre 31 a 40 anos;Com companheiro;Sim;Graduação;Acima de 10 anos;Efetivo;Acima de 40 horas;3 turnos;Acima de 30 alunos;Sim;Sim
Lebon Regis;Feminino;Até 30 anos;Com companheiro;Sim;Especialização;Até 10 anos;ACT;Acima de 40 horas;3 turnos;Até 30 alunos;Sim;Sim
Lebon Regis;Masculino;Entre 31 a 40 anos;Com companheiro;Sim;Graduação;Até 10 anos;ACT;De 21 a 40 horas;3 turnos;Até 30 alunos;Sim;Sim
Lebon Regis;Masculino;Acima de 40 anos;Com companheiro;Sim;Especialização;Acima de 10 anos;Efetivo;De 21 a 40 horas;3 turnos;Até 30 alunos;Não;Não
Lebon Regis;Feminino;Entre 31 a 40 anos;Com companheiro;Não;Especialização;Acima de 10 anos;ACT;De 21 a 40 horas;2 turnos;Até 30 alunos;Não;Sim
Lebon Regis;Feminino;Acima de 40 anos;Sem companheiro;Sim;Especialização;Acima de 10 anos;Efetivo;De 21 a 40 horas;2 turnos;Acima de 30 alunos;Não;Sim
Paulo Lopes;Feminino;Acima de 40 anos;Sem companheiro;Sim;Especialização;Acima de 10 anos;Efetivo;De 21 a 40 horas;2 turnos;Até 30 alunos;Não;Não
Paulo Lopes;Masculino;Até 30 anos;Com companheiro;Não;Graduação;Até 10 anos;Efetivo;De 21 a 40 horas;2 turnos;Até 30 alunos;Não;Não
Paulo Lopes;Feminino;Até 30 anos;Sem companheiro;Não;Especialização;Até 10 anos;Efetivo;Até 20 horas;3 turnos;Até 30 alunos;Sim;Não
Paulo Lopes;Masculino;Acima de 40 anos;Sem companheiro;Sim;Graduação;Até 10 anos;Efetivo;De 21 a 40 horas;2 turnos;Até 30 alunos;Não;Não
Paulo Lopes;Feminino;Acima de 40 anos;Com companheiro;Sim;Especialização;Acima de 10 anos;Efetivo;Até 20 horas;2 turnos;Até 30 alunos;Não;Não
Paulo Lopes;Feminino;Entre 31 a 40 anos;Com companheiro;Sim;Especialização;Até 10 anos;Efetivo;De 21 a 40 horas;2 turnos;Até 30 alunos;Não;Não
Paulo Lopes;Feminino;Acima de 40 anos;Com companheiro;Sim;Graduação;Até 10 anos;Efetivo;Até 20 horas;1 turno;Até 30 alunos;Não;Não
Paulo Lopes;Masculino;Até 30 anos;Com companheiro;Não;Especialização;Até 10 anos;Efetivo;De 21 a 40 horas;2 turnos;Até 30 alunos;Não;Sim
Paulo Lopes;Feminino;Entre 31 a 40 anos;Com companheiro;Sim;Especialização;Acima de 10 anos;Efetivo;Até 20 horas;1 turno;Até 30 alunos;Não;Não
Paulo Lopes;Feminino;Até 30 anos;Sem companheiro;Não;Graduação;Até 10 anos;Efetivo;De 21 a 40 horas;2 turnos;Até 30 alunos;Não;Não
Paulo Lopes;Feminino;Entre 31 a 40 anos;Com companheiro;Sim;Especialização;Acima de 10 anos;Efetivo;De 21 a 40 horas;2 turnos;Até 30 alunos;Não;Não
Paulo Lopes;Feminino;Acima de 40 anos;Com companheiro;Sim;Especialização;Acima de 10 anos;Efetivo;De 21 a 40 horas;2 turnos;Até 30 alunos;Não;Não
Paulo Lopes;Feminino;Entre 31 a 40 anos;Com companheiro;Sim;Especialização;Até 10 anos;Efetivo;De 21 a 40 horas;2 turnos;Até 30 alunos;Sim;Não
Paulo Lopes;Feminino;Acima de 40 anos;Sem companheiro;Não;Graduação;Acima de 10 anos;Efetivo;Até 20 horas;1 turno;Até 30 alunos;Não;Sim
Paulo Lopes;Feminino;Acima de 40 anos;Com companheiro;Sim;Especialização;Acima de 10 anos;Efetivo;Até 20 horas;1 turno;Até 30 alunos;Não;Sim
Paulo Lopes;Feminino;Entre 31 a 40 anos;Com companheiro;Sim;Especialização;Acima de 10 anos;Efetivo;De 21 a 40 horas;2 turnos;Até 30 alunos;Não;Não
Paulo Lopes;Feminino;Entre 31 a 40 anos;Com companheiro;Não;Especialização;Até 10 anos;Efetivo;De 21 a 40 horas;2 turnos;Até 30 alunos;Sim;Sim
Paulo Lopes;Feminino;Entre 31 a 40 anos;Com companheiro;Sim;Especialização;Até 10 anos;Efetivo;Até 20 horas;1 turno;Até 30 alunos;Não;Sim
Paulo Lopes;Feminino;Até 30 anos;Com companheiro;Não;Especialização;Até 10 anos;Efetivo;De 21 a 40 horas;1 turno;Até 30 alunos;Não;Não
Paulo Lopes;Feminino;Acima de 40 anos;Com companheiro;Sim;Graduação;Até 10 anos;Efetivo;De 21 a 40 horas;2 turnos;Até 30 alunos;Não;Sim
Paulo Lopes;Feminino;Até 30 anos;Com companheiro;Não;Especialização;Até 10 anos;Efetivo;De 21 a 40 horas;2 turnos;Até 30 alunos;Não;Sim
Paulo Lopes;Feminino;Entre 31 a 40 anos;Com companheiro;Sim;Graduação;Até 10 anos;Efetivo;De 21 a 40 horas;2 turnos;Até 30 alunos;Sim;Não
Paulo Lopes;Feminino;Entre 31 a 40 anos;Com companheiro;Não;Especialização;Até 10 anos;Efetivo;Até 20 horas;1 turno;Até 30 alunos;Não;Não
Paulo Lopes;Feminino;Entre 31 a 40 anos;Com companheiro;Sim;Especialização;Acima de 10 anos;Efetivo;Até 20 horas;1 turno;Até 30 alunos;Não;Sim
Paulo Lopes;Feminino;Entre 31 a 40 anos;Com companheiro;Sim;Especialização;Acima de 10 anos;Efetivo;De 21 a 40 horas;2 turnos;Até 30 alunos;Sim;Não
Paulo Lopes;Feminino;Entre 31 a 40 anos;Com companheiro;Não;Especialização;Até 10 anos;Efetivo;De 21 a 40 horas;2 turnos;Até 30 alunos;Não;Não
Paulo Lopes;Feminino;Até 30 anos;Sem companheiro;Não;Graduação;Até 10 anos;Efetivo;De 21 a 40 horas;2 turnos;Até 30 alunos;Não;Não
Paulo Lopes;Feminino;Entre 31 a 40 anos;Com companheiro;Sim;Especialização;Acima de 10 anos;Efetivo;Até 20 horas;1 turno;Até 30 alunos;Não;Não
Paulo Lopes;Feminino;Até 30 anos;Com companheiro;Sim;Especialização;Até 10 anos;Efetivo;De 21 a 40 horas;2 turnos;Até 30 alunos;Não;Não
Paulo Lopes;Feminino;Acima de 40 anos;Com companheiro;Sim;Especialização;Acima de 10 anos;Efetivo;Até 20 horas;1 turno;Até 30 alunos;Não;Sim
Paulo Lopes;Feminino;Acima de 40 anos;Com companheiro;Sim;Graduação;Acima de 10 anos;Efetivo;Até 20 horas;1 turno;Até 30 alunos;Sim;Não
Paulo Lopes;Feminino;Entre 31 a 40 anos;Com companheiro;Sim;Especialização;Acima de 10 anos;Efetivo;De 21 a 40 horas;2 turnos;Até 30 alunos;Não;Não
Paulo Lopes;Feminino;Entre 31 a 40 anos;Com companheiro;Sim;Especialização;Até 10 anos;ACT;Até 20 horas;2 turnos;Até 30 alunos;Sim;Não
Paulo Lopes;Masculino;Entre 31 a 40 anos;Sem companheiro;Não;Graduação;Até 10 anos;Efetivo;Até 20 horas;2 turnos;Até 30 alunos;Sim;Não
Paulo Lopes;Feminino;Acima de 40 anos;Com companheiro;Sim;Especialização;Acima de 10 anos;Efetivo;De 21 a 40 horas;2 turnos;Até 30 alunos;Não;Não
Paulo Lopes;Feminino;Acima de 40 anos;Com companheiro;Não;Especialização;Acima de 10 anos;Efetivo;Até 20 horas;1 turno;Até 30 alunos;Não;Não
Paulo Lopes;Feminino;Entre 31 a 40 anos;Sem companheiro;Não;Especialização;Até 10 anos;Efetivo;Até 20 horas;1 turno;Até 30 alunos;Sim;Não
Paulo Lopes;Feminino;Acima de 40 anos;Com companheiro;Sim;Especialização;Acima de 10 anos;Efetivo;Até 20 horas;1 turno;Até 30 alunos;Não;Não
Paulo Lopes;Feminino;Até 30 anos;Sem companheiro;Sim;Especialização;Até 10 anos;Efetivo;De 21 a 40 horas;2 turnos;Até 30 alunos;Não;Não
Paulo Lopes;Feminino;Acima de 40 anos;Sem companheiro;Não;Graduação;Até 10 anos;Efetivo;Até 20 horas;1 turno;Até 30 alunos;Não;Não
São Ludjero;Feminino;Entre 31 a 40 anos;Com companheiro;Sim;Graduação;Até 10 anos;ACT;De 21 a 40 horas;2 turnos;Até 30 alunos;Não;Não
São Ludjero;Feminino;Acima de 40 anos;Com companheiro;Sim;Especialização;Acima de 10 anos;Efetivo;De 21 a 40 horas;2 turnos;Até 30 alunos;Não;Sim
São Ludjero;Feminino;Até 30 anos;Com companheiro;Sim;Especialização;Até 10 anos;Efetivo;De 21 a 40 horas;2 turnos;Até 30 alunos;Não;Não
São Ludjero;Feminino;Acima de 40 anos;Com companheiro;Sim;Especialização;Acima de 10 anos;Efetivo;De 21 a 40 horas;2 turnos;Até 30 alunos;Não;Não
São Ludjero;Feminino;Acima de 40 anos;Sem companheiro;Sim;Especialização;Acima de 10 anos;Efetivo;Acima de 40 horas;2 turnos;Até 30 alunos;Não;Não
São Ludjero;Feminino;Entre 31 a 40 anos;Com companheiro;Sim;Especialização;Acima de 10 anos;Efetivo;Até 20 horas;2 turnos;Até 30 alunos;Sim;Sim
São Ludjero;Feminino;Acima de 40 anos;Com companheiro;Sim;Especialização;Acima de 10 anos;Efetivo;De 21 a 40 horas;2 turnos;Até 30 alunos;Não;Não
São Ludjero;Feminino;Entre 31 a 40 anos;Com companheiro;Sim;Especialização;Até 10 anos;ACT;Até 20 horas;1 turno;Até 30 alunos;Não;Não
Videira;Feminino;Entre 31 a 40 anos;Com companheiro;Sim;Especialização;Até 10 anos;ACT;De 21 a 40 horas;2 turnos;Até 30 alunos;Não;Sim
Videira;Feminino;Entre 31 a 40 anos;Sem companheiro;Não;Especialização;Até 10 anos;ACT;Acima de 40 horas;3 turnos;Acima de 30 alunos;Sim;Não
Videira;Masculino;Entre 31 a 40 anos;Sem companheiro;Não;Especialização;Até 10 anos;Efetivo;Acima de 40 horas;2 turnos;Até 30 alunos;Sim;Não
Videira;Feminino;Entre 31 a 40 anos;Sem companheiro;Sim;Especialização;Até 10 anos;ACT;De 21 a 40 horas;2 turnos;Até 30 alunos;Sim;Não
Videira;Feminino;Entre 31 a 40 anos;Com companheiro;Sim;Especialização;Até 10 anos;ACT;De 21 a 40 horas;2 turnos;Até 30 alunos;Não;Sim
Videira;Feminino;Acima de 40 anos;Sem companheiro;Sim;Especialização;Até 10 anos;ACT;Acima de 40 horas;2 turnos;Até 30 alunos;Sim;Não
Videira;Feminino;Até 30 anos;Sem companheiro;Não;Especialização;Até 10 anos;ACT;De 21 a 40 horas;2 turnos;Até 30 alunos;Sim;Sim
Videira;Feminino;Acima de 40 anos;Sem companheiro;Sim;Especialização;Até 10 anos;Efetivo;Acima de 40 horas;3 turnos;Até 30 alunos;Sim;Sim
Videira;Feminino;Acima de 40 anos;Sem companheiro;Não;Especialização;Acima de 10 anos;ACT;Até 20 horas;2 turnos;Até 30 alunos;Não;Não
Videira;Masculino;Acima de 40 anos;Sem companheiro;Sim;Mestrado/Doutorado;Acima de 10 anos;Efetivo;Acima de 40 horas;3 turnos;Até 30 alunos;Sim;Sim
Videira;Feminino;Acima de 40 anos;Sem companheiro;Sim;Graduação;Até 10 anos;Efetivo;Acima de 40 horas;2 turnos;Até 30 alunos;Não;Sim
Videira;Masculino;Entre 31 a 40 anos;Com companheiro;Sim;Especialização;Até 10 anos;Efetivo;Acima de 40 horas;3 turnos;Até 30 alunos;Sim;Não
Videira;Feminino;Acima de 40 anos;Com companheiro;Sim;Especialização;Acima de 10 anos;Efetivo;De 21 a 40 horas;2 turnos;Até 30 alunos;Não;Sim
Videira;Masculino;Acima de 40 anos;Com companheiro;Não;Especialização;Até 10 anos;ACT;Acima de 40 horas;2 turnos;Até 30 alunos;Não;Sim
Videira;Feminino;Entre 31 a 40 anos;Com companheiro;Não;Especialização;Acima de 10 anos;ACT;Acima de 40 horas;2 turnos;Acima de 30 alunos;Não;Não
Videira;Feminino;Entre 31 a 40 anos;Com companheiro;Sim;Especialização;Até 10 anos;ACT;Acima de 40 horas;2 turnos;Até 30 alunos;Não;Não
Videira;Feminino;Entre 31 a 40 anos;Com companheiro;Sim;Especialização;Até 10 anos;ACT;Acima de 40 horas;2 turnos;Até 30 alunos;Não;Não
Videira;Masculino;Acima de 40 anos;Com companheiro;Sim;Especialização;Acima de 10 anos;Efetivo;Acima de 40 horas;3 turnos;Até 30 alunos;Sim;Sim
Videira;Feminino;Entre 31 a 40 anos;Com companheiro;Sim;Especialização;Até 10 anos;Efetivo;De 21 a 40 horas;2 turnos;Até 30 alunos;Não;Não
Videira;Feminino;Entre 31 a 40 anos;Sem companheiro;Sim;Especialização;Acima de 10 anos;Efetivo;Acima de 40 horas;2 turnos;Até 30 alunos;Não;Não
Videira;Masculino;Entre 31 a 40 anos;Com companheiro;Sim;Especialização;Acima de 10 anos;Efetivo;De 21 a 40 horas;2 turnos;Até 30 alunos;Não;Não
Videira;Feminino;Entre 31 a 40 anos;Com companheiro;Sim;Especialização;Até 10 anos;Efetivo;De 21 a 40 horas;1 turno;Acima de 30 alunos;Não;Não
Videira;Feminino;Entre 31 a 40 anos;Com companheiro;Sim;Especialização;Até 10 anos;Efetivo;Acima de 40 horas;2 turnos;Até 30 alunos;Não;Sim
Videira;Feminino;Entre 31 a 40 anos;Sem companheiro;Sim;Especialização;Até 10 anos;ACT;De 21 a 40 horas;1 turno;Até 30 alunos;Sim;Não
Videira;Feminino;Entre 31 a 40 anos;Com companheiro;Não;Especialização;Até 10 anos;ACT;Até 20 horas;2 turnos;Até 30 alunos;Não;Não
Videira;Feminino;Acima de 40 anos;Com companheiro;Sim;Graduação;Até 10 anos;ACT;De 21 a 40 horas;1 turno;Até 30 alunos;Não;Não
Videira;Feminino;Entre 31 a 40 anos;Com companheiro;Sim;Especialização;Até 10 anos;ACT;Acima de 40 horas;2 turnos;Até 30 alunos;Não;Não
Videira;Feminino;Entre 31 a 40 anos;Com companheiro;Sim;Especialização;Acima de 10 anos;Efetivo;De 21 a 40 horas;2 turnos;Até 30 alunos;Não;Não
Videira;Feminino;Entre 31 a 40 anos;Com companheiro;Sim;Especialização;Acima de 10 anos;Efetivo;De 21 a 40 horas;2 turnos;Até 30 alunos;Não;Não
Videira;Feminino;Até 30 anos;Sem companheiro;Não;Especialização;Até 10 anos;Efetivo;De 21 a 40 horas;2 turnos;Até 30 alunos;Não;Sim
Videira;Feminino;Acima de 40 anos;Sem companheiro;Sim;Especialização;Acima de 10 anos;Efetivo;Acima de 40 horas;2 turnos;Acima de 30 alunos;Não;Sim
Videira;Feminino;Acima de 40 anos;Com companheiro;Sim;Especialização;Acima de 10 anos;Efetivo;Acima de 40 horas;2 turnos;Até 30 alunos;Não;Não
Videira;Feminino;Entre 31 a 40 anos;Com companheiro;Não;Especialização;Acima de 10 anos;Efetivo;Acima de 40 horas;2 turnos;Até 30 alunos;Não;Sim
Videira;Feminino;Acima de 40 anos;Sem companheiro;Não;Graduação;Acima de 10 anos;Efetivo;De 21 a 40 horas;2 turnos;Até 30 alunos;Não;Não
Videira;Feminino;Acima de 40 anos;Com companheiro;Sim;Graduação;Acima de 10 anos;ACT;Acima de 40 horas;2 turnos;Até 30 alunos;Não;Não
Videira;Feminino;Acima de 40 anos;Com companheiro;Sim;Especialização;Acima de 10 anos;Efetivo;De 21 a 40 horas;2 turnos;Até 30 alunos;Não;Sim
Videira;Feminino;Entre 31 a 40 anos;Sem companheiro;Sim;Especialização;Acima de 10 anos;ACT;De 21 a 40 horas;2 turnos;Até 30 alunos;Não;Não
Videira;Feminino;Acima de 40 anos;Sem companheiro;Sim;Especialização;Até 10 anos;Efetivo;De 21 a 40 horas;2 turnos;Até 30 alunos;Não;Sim
Videira;Feminino;Até 30 anos;Com companheiro;Sim;Especialização;Até 10 anos;Efetivo;De 21 a 40 horas;2 turnos;Até 30 alunos;Não;Sim
Videira;Feminino;Acima de 40 anos;Com companheiro;Sim;Especialização;Acima de 10 anos;Efetivo;De 21 a 40 horas;2 turnos;Até 30 alunos;Não;Sim
Videira;Feminino;Até 30 anos;Sem companheiro;Não;Graduação;Até 10 anos;ACT;De 21 a 40 horas;2 turnos;Até 30 alunos;Não;Não
Videira;Feminino;Entre 31 a 40 anos;Sem companheiro;Sim;Especialização;Acima de 10 anos;ACT;Acima de 40 horas;2 turnos;Até 30 alunos;Não;Sim
Videira;Feminino;Acima de 40 anos;Sem companheiro;Sim;Especialização;Acima de 10 anos;Efetivo;De 21 a 40 horas;1 turno;Até 30 alunos;Não;Não
Videira;Feminino;Entre 31 a 40 anos;Com companheiro;Não;Especialização;Até 10 anos;ACT;Acima de 40 horas;2 turnos;Até 30 alunos;Não;Não
Videira;Feminino;Até 30 anos;Com companheiro;Sim;Especialização;Até 10 anos;ACT;De 21 a 40 horas;1 turno;Até 30 alunos;Não;Não
Videira;Feminino;Entre 31 a 40 anos;Sem companheiro;Não;Especialização;Acima de 10 anos;Efetivo;Acima de 40 horas;2 turnos;Até 30 alunos;Não;Não
Videira;Feminino;Acima de 40 anos;Com companheiro;Sim;Especialização;Acima de 10 anos;Efetivo;Acima de 40 horas;2 turnos;Acima de 30 alunos;Não;Sim
Videira;Feminino;Entre 31 a 40 anos;Sem companheiro;Sim;Especialização;Acima de 10 anos;ACT;De 21 a 40 horas;2 turnos;Acima de 30 alunos;Não;Não
Videira;Feminino;Entre 31 a 40 anos;Com companheiro;Sim;Especialização;Até 10 anos;Efetivo;Acima de 40 horas;2 turnos;Até 30 alunos;Não;Não
Videira;Masculino;Acima de 40 anos;Sem companheiro;Sim;Especialização;Acima de 10 anos;Efetivo;Acima de 40 horas;3 turnos;Acima de 30 alunos;Não;Não
Videira;Feminino;Acima de 40 anos;Sem companheiro;Não;Especialização;Até 10 anos;Efetivo;Acima de 40 horas;2 turnos;Até 30 alunos;Sim;Não
Videira;Feminino;Acima de 40 anos;Sem companheiro;Sim;Especialização;Acima de 10 anos;ACT;Acima de 40 horas;2 turnos;Até 30 alunos;Sim;Não
Videira;Feminino;Acima de 40 anos;Sem companheiro;Sim;Graduação;Acima de 10 anos;Efetivo;Até 20 horas;1 turno;Até 30 alunos;Não;Não
Videira;Feminino;Entre 31 a 40 anos;Com companheiro;Sim;Especialização;Até 10 anos;ACT;Acima de 40 horas;2 turnos;Até 30 alunos;Não;Não
Videira;Masculino;Acima de 40 anos;Com companheiro;Não;Especialização;Até 10 anos;ACT;De 21 a 40 horas;2 turnos;Até 30 alunos;Sim;Não
Videira;Feminino;Entre 31 a 40 anos;Sem companheiro;Não;Especialização;Até 10 anos;ACT;Acima de 40 horas;2 turnos;Até 30 alunos;Não;Não
Videira;Masculino;Acima de 40 anos;Com companheiro;Sim;Graduação;Até 10 anos;Efetivo;Acima de 40 horas;2 turnos;Acima de 30 alunos;Sim;Não
Videira;Masculino;Entre 31 a 40 anos;Sem companheiro;Não;Graduação;Até 10 anos;ACT;De 21 a 40 horas;2 turnos;Acima de 30 alunos;Sim;Não
Videira;Feminino;Acima de 40 anos;Com companheiro;Sim;Mestrado/Doutorado;Acima de 10 anos;Efetivo;Acima de 40 horas;3 turnos;Acima de 30 alunos;Sim;Sim
Videira;Feminino;Entre 31 a 40 anos;Com companheiro;Sim;Especialização;Acima de 10 anos;Efetivo;Acima de 40 horas;2 turnos;Acima de 30 alunos;Não;Sim
Videira;Feminino;Acima de 40 anos;Com companheiro;Sim;Especialização;Acima de 10 anos;Efetivo;Acima de 40 horas;2 turnos;Até 30 alunos;Não;Não
Videira;Feminino;Até 30 anos;Com companheiro;Sim;Especialização;Até 10 anos;ACT;Acima de 40 horas;2 turnos;Até 30 alunos;Não;Não
Videira;Feminino;Entre 31 a 40 anos;Com companheiro;Sim;Especialização;Até 10 anos;ACT;De 21 a 40 horas;2 turnos;Até 30 alunos;Não;Não
Videira;Feminino;Entre 31 a 40 anos;Sem companheiro;Sim;Graduação;Até 10 anos;ACT;De 21 a 40 horas;3 turnos;Até 30 alunos;Sim;Não
Videira;Feminino;Até 30 anos;Sem companheiro;Não;Especialização;Até 10 anos;Efetivo;De 21 a 40 horas;2 turnos;Até 30 alunos;Sim;Não
Videira;Feminino;Entre 31 a 40 anos;Com companheiro;Sim;Graduação;Até 10 anos;ACT;Acima de 40 horas;2 turnos;Acima de 30 alunos;Não;Não
Videira;Feminino;Acima de 40 anos;Com companheiro;Sim;Graduação;Até 10 anos;ACT;De 21 a 40 horas;2 turnos;Até 30 alunos;Não;Não
Videira;Feminino;Entre 31 a 40 anos;Sem companheiro;Sim;Graduação;Acima de 10 anos;ACT;De 21 a 40 horas;2 turnos;Até 30 alunos;Não;Não
Videira;Feminino;Acima de 40 anos;Sem companheiro;Sim;Especialização;Acima de 10 anos;Efetivo;De 21 a 40 horas;2 turnos;Até 30 alunos;Não;Não
Videira;Feminino;Acima de 40 anos;Com companheiro;Sim;Graduação;Até 10 anos;ACT;De 21 a 40 horas;2 turnos;Até 30 alunos;Não;Não
Videira;Feminino;Até 30 anos;Com companheiro;Não;Graduação;Até 10 anos;ACT;De 21 a 40 horas;2 turnos;Até 30 alunos;Não;Não
Videira;Feminino;Entre 31 a 40 anos;Sem companheiro;Sim;Especialização;Até 10 anos;ACT;Acima de 40 horas;2 turnos;Até 30 alunos;Não;Não
Videira;Feminino;Até 30 anos;Com companheiro;Não;Especialização;Acima de 10 anos;Efetivo;De 21 a 40 horas;2 turnos;Até 30 alunos;Não;Sim
Videira;Feminino;Até 30 anos;Sem companheiro;Não;Graduação;Até 10 anos;Efetivo;Acima de 40 horas;2 turnos;Até 30 alunos;Sim;Sim
Videira;Feminino;Acima de 40 anos;Sem companheiro;Sim;Especialização;Acima de 10 anos;ACT;De 21 a 40 horas;2 turnos;Acima de 30 alunos;Sim;Não
Videira;Feminino;Até 30 anos;Sem companheiro;Não;Graduação;Até 10 anos;ACT;Acima de 40 horas;2 turnos;Acima de 30 alunos;Sim;Não
Videira;Feminino;Acima de 40 anos;Com companheiro;Sim;Especialização;Acima de 10 anos;Efetivo;Acima de 40 horas;3 turnos;Até 30 alunos;Não;Sim
Videira;Masculino;Acima de 40 anos;Sem companheiro;Não;Especialização;Acima de 10 anos;Efetivo;Acima de 40 horas;2 turnos;Até 30 alunos;Não;Não
Videira;Feminino;Acima de 40 anos;Com companheiro;Sim;Especialização;Acima de 10 anos;Efetivo;Acima de 40 horas;3 turnos;Até 30 alunos;Não;Sim
Videira;Masculino;Acima de 40 anos;Com companheiro;Não;Mestrado/Doutorado;Acima de 10 anos;Efetivo;Acima de 40 horas;2 turnos;Acima de 30 alunos;Não;Não
Videira;Masculino;Entre 31 a 40 anos;Sem companheiro;Não;Especialização;Até 10 anos;Efetivo;De 21 a 40 horas;2 turnos;Até 30 alunos;Sim;Não
Videira;Feminino;Acima de 40 anos;Sem companheiro;Sim;Especialização;Acima de 10 anos;ACT;Até 20 horas;1 turno;Até 30 alunos;Não;Não
Videira;Feminino;Acima de 40 anos;Sem companheiro;Sim;Especialização;Acima de 10 anos;Efetivo;Acima de 40 horas;2 turnos;Até 30 alunos;Sim;Não
Videira;Feminino;Acima de 40 anos;Sem companheiro;Sim;Especialização;Acima de 10 anos;Efetivo;Acima de 40 horas;3 turnos;Até 30 alunos;Sim;Sim
Videira;Feminino;Entre 31 a 40 anos;Sem companheiro;Não;Especialização;Acima de 10 anos;Efetivo;Acima de 40 horas;2 turnos;Até 30 alunos;Não;Sim
Videira;Masculino;Até 30 anos;Com companheiro;Não;Especialização;Até 10 anos;ACT;Acima de 40 horas;3 turnos;Acima de 30 alunos;Sim;Não
Videira;Feminino;Acima de 40 anos;Com companheiro;Sim;Especialização;Até 10 anos;ACT;De 21 a 40 horas;2 turnos;Acima de 30 alunos;Sim;Não
Videira;Feminino;Entre 31 a 40 anos;Com companheiro;Sim;Especialização;Acima de 10 anos;Efetivo;Acima de 40 horas;2 turnos;Acima de 30 alunos;Não;Sim
Videira;Feminino;Acima de 40 anos;Com companheiro;Sim;Especialização;Acima de 10 anos;Efetivo;Acima de 40 horas;2 turnos;Até 30 alunos;Não;Sim
Videira;Feminino;Entre 31 a 40 anos;Sem companheiro;Não;Especialização;Acima de 10 anos;Efetivo;Acima de 40 horas;3 turnos;Até 30 alunos;Sim;Não
Videira;Feminino;Acima de 40 anos;Com companheiro;Sim;Especialização;Acima de 10 anos;Efetivo;Acima de 40 horas;2 turnos;Até 30 alunos;Não;Sim
Videira;Feminino;Até 30 anos;Sem companheiro;Não;Especialização;Até 10 anos;Efetivo;Acima de 40 horas;2 turnos;Até 30 alunos;Não;Não
Videira;Feminino;Acima de 40 anos;Com companheiro;Sim;Especialização;Acima de 10 anos;Efetivo;Acima de 40 horas;2 turnos;Até 30 alunos;Não;Sim
Videira;Feminino;Até 30 anos;Com companheiro;Não;Graduação;Até 10 anos;ACT;Até 20 horas;1 turno;Até 30 alunos;Não;Não
Videira;Feminino;Acima de 40 anos;Sem companheiro;Sim;Graduação;Acima de 10 anos;ACT;Acima de 40 horas;2 turnos;Até 30 alunos;Não;Sim
Videira;Feminino;Até 30 anos;Sem companheiro;Não;Especialização;Até 10 anos;Efetivo;Acima de 40 horas;2 turnos;Acima de 30 alunos;Não;Sim
Videira;Feminino;Acima de 40 anos;Sem companheiro;Sim;Graduação;Até 10 anos;ACT;De 21 a 40 horas;1 turno;Até 30 alunos;Não;Não
Videira;Feminino;Acima de 40 anos;Com companheiro;Sim;Especialização;Acima de 10 anos;Efetivo;De 21 a 40 horas;2 turnos;Acima de 30 alunos;Sim;Sim
Videira;Feminino;Entre 31 a 40 anos;Com companheiro;Sim;Especialização;Até 10 anos;ACT;De 21 a 40 horas;2 turnos;Até 30 alunos;Não;Não
Videira;Feminino;Acima de 40 anos;Sem companheiro;Sim;Especialização;Acima de 10 anos;Efetivo;De 21 a 40 horas;2 turnos;Até 30 alunos;Não;Não
Videira;Feminino;Acima de 40 anos;Com companheiro;Sim;Especialização;Até 10 anos;ACT;Acima de 40 horas;2 turnos;Até 30 alunos;Não;Não
Videira;Feminino;Acima de 40 anos;Sem companheiro;Sim;Especialização;Acima de 10 anos;Efetivo;Acima de 40 horas;3 turnos;Até 30 alunos;Sim;Sim
Videira;Feminino;Entre 31 a 40 anos;Com companheiro;Sim;Especialização;Até 10 anos;Efetivo;Acima de 40 horas;2 turnos;Acima de 30 alunos;Não;Sim
Videira;Feminino;Entre 31 a 40 anos;Com companheiro;Sim;Graduação;Até 10 anos;ACT;Acima de 40 horas;2 turnos;Até 30 alunos;Não;Sim
Videira;Feminino;Até 30 anos;Sem companheiro;Não;Especialização;Até 10 anos;ACT;Acima de 40 horas;2 turnos;Até 30 alunos;Não;Sim
Videira;Masculino;Até 30 anos;Sem companheiro;Não;Mestrado/Doutorado;Até 10 anos;Efetivo;Acima de 40 horas;2 turnos;Até 30 alunos;Não;Sim
Videira;Feminino;Até 30 anos;Sem companheiro;Não;Especialização;Até 10 anos;ACT;De 21 a 40 horas;2 turnos;Até 30 alunos;Não;Não
Videira;Feminino;Entre 31 a 40 anos;Com companheiro;Sim;Mestrado/Doutorado;Até 10 anos;Efetivo;De 21 a 40 horas;2 turnos;Até 30 alunos;Não;Não
Videira;Feminino;Acima de 40 anos;Sem companheiro;Sim;Especialização;Acima de 10 anos;Efetivo;Acima de 40 horas;2 turnos;Até 30 alunos;Não;Sim
Videira;Feminino;Entre 31 a 40 anos;Com companheiro;Não;Especialização;Acima de 10 anos;Efetivo;De 21 a 40 horas;2 turnos;Até 30 alunos;Não;Sim
Videira;Feminino;Até 30 anos;Sem companheiro;Não;Especialização;Até 10 anos;ACT;De 21 a 40 horas;2 turnos;Acima de 30 alunos;Sim;Sim
Videira;Feminino;Entre 31 a 40 anos;Com companheiro;Sim;Especialização;Acima de 10 anos;ACT;Acima de 40 horas;2 turnos;Até 30 alunos;Não;Não
Videira;Feminino;Acima de 40 anos;Com companheiro;Sim;Especialização;Acima de 10 anos;Efetivo;Acima de 40 horas;3 turnos;Até 30 alunos;Sim;Não
Videira;Feminino;Entre 31 a 40 anos;Sem companheiro;Sim;Graduação;Até 10 anos;ACT;De 21 a 40 horas;2 turnos;Até 30 alunos;Não;Sim
Videira;Feminino;Entre 31 a 40 anos;Com companheiro;Sim;Especialização;Até 10 anos;ACT;De 21 a 40 horas;2 turnos;Até 30 alunos;Não;Não
Videira;Feminino;Acima de 40 anos;Com companheiro;Sim;Especialização;Acima de 10 anos;Efetivo;Acima de 40 horas;2 turnos;Até 30 alunos;Não;Não
Videira;Feminino;Entre 31 a 40 anos;Com companheiro;Sim;Especialização;Acima de 10 anos;Efetivo;Acima de 40 horas;2 turnos;Até 30 alunos;Não;Sim
Videira;Feminino;Entre 31 a 40 anos;Sem companheiro;Não;Especialização;Acima de 10 anos;Efetivo;De 21 a 40 horas;2 turnos;Até 30 alunos;Não;Não
Videira;Feminino;Acima de 40 anos;Com companheiro;Sim;Graduação;Até 10 anos;Efetivo;De 21 a 40 horas;2 turnos;Até 30 alunos;Não;Sim
Videira;Feminino;Entre 31 a 40 anos;Sem companheiro;Não;Graduação;Até 10 anos;ACT;De 21 a 40 horas;3 turnos;Até 30 alunos;Não;Não
Videira;Feminino;Acima de 40 anos;Sem companheiro;Não;Especialização;Acima de 10 anos;Efetivo;Acima de 40 horas;3 turnos;Até 30 alunos;Não;Não
Videira;Feminino;Acima de 40 anos;Com companheiro;Sim;Especialização;Acima de 10 anos;Efetivo;Acima de 40 horas;2 turnos;Acima de 30 alunos;Não;Sim
Videira;Feminino;Acima de 40 anos;Com companheiro;Sim;Especialização;Acima de 10 anos;Efetivo;De 21 a 40 horas;2 turnos;Até 30 alunos;Não;Não
Videira;Feminino;Até 30 anos;Com companheiro;Não;Especialização;Até 10 anos;Efetivo;Acima de 40 horas;2 turnos;Até 30 alunos;Não;Sim
Videira;Feminino;Acima de 40 anos;Com companheiro;Sim;Especialização;Acima de 10 anos;Efetivo;De 21 a 40 horas;2 turnos;Até 30 alunos;Não;Sim
Videira;Feminino;Acima de 40 anos;Sem companheiro;Sim;Especialização;Acima de 10 anos;Efetivo;Acima de 40 horas;2 turnos;Até 30 alunos;Não;Sim